matrix,opt_level,threads,schedule,chunksize,time_ms_mean,time_ms_p90
Transport,O0,1,sequential,,78.9630202,82.502469
Transport,O1,1,sequential,,27.0907077,27.294828
Transport,O2,1,sequential,,27.0121356,27.194578
Transport,O3,1,sequential,,26.7661327,27.084008
Transport,O3,2,dynamic,10.0,29.031402,29.499539
Transport,O3,2,dynamic,100.0,16.446051999999998,16.535941
Transport,O3,2,dynamic,1000.0,14.781662599999999,14.854
Transport,O3,2,guided,10.0,14.0717282,14.183183
Transport,O3,2,guided,100.0,14.077817600000001,14.205275
Transport,O3,2,guided,1000.0,14.0635151,14.205666
Transport,O3,2,static,10.0,23.9828195,24.627612
Transport,O3,2,static,100.0,15.9480708,16.016306
Transport,O3,2,static,1000.0,14.758906,14.839891
Transport,O3,4,dynamic,10.0,17.950537699999998,18.185670000000002
Transport,O3,4,dynamic,100.0,8.76117431,8.9271973
Transport,O3,4,dynamic,1000.0,7.91990968,8.219971
Transport,O3,4,guided,10.0,7.3167481,7.5598633
Transport,O3,4,guided,100.0,7.31320555,7.5467286
Transport,O3,4,guided,1000.0,7.334609369999999,7.580468600000001
Transport,O3,4,static,10.0,14.1743778,14.469533
Transport,O3,4,static,100.0,8.5940136,8.7662841
Transport,O3,4,static,1000.0,7.7518872,7.9932862
Transport,O3,8,dynamic,10.0,11.4095073,11.490207
Transport,O3,8,dynamic,100.0,5.39618163,5.902636500000001
Transport,O3,8,dynamic,1000.0,5.5690405599999995,6.2077146
Transport,O3,8,guided,10.0,4.93167973,5.534961
Transport,O3,8,guided,100.0,4.82390377,5.2570066
Transport,O3,8,guided,1000.0,4.89359381,5.390942000000001
Transport,O3,8,static,10.0,8.46280032,8.696826
Transport,O3,8,static,100.0,5.36144534,5.9765136000000005
Transport,O3,8,static,1000.0,5.11029294,5.7676023
Transport,O3,16,dynamic,10.0,9.035690879999999,9.4138914
Transport,O3,16,dynamic,100.0,4.73196045,5.1684085
Transport,O3,16,dynamic,1000.0,4.70865968,5.0558836000000005
Transport,O3,16,guided,10.0,4.58436524,5.0825193
Transport,O3,16,guided,100.0,4.56184571,4.871142500000001
Transport,O3,16,guided,1000.0,4.55186035,4.8936521
Transport,O3,16,static,10.0,5.821918920000001,6.2905274
Transport,O3,16,static,100.0,4.86333987,5.2938963
Transport,O3,16,static,1000.0,4.59718022,4.9276123
Transport,O3,32,dynamic,10.0,15.3231444,16.077345
Transport,O3,32,dynamic,100.0,6.530014680000001,7.458324900000003
Transport,O3,32,dynamic,1000.0,6.2542406800000006,7.4640385
Transport,O3,32,guided,10.0,5.49465821,6.2086911
Transport,O3,32,guided,100.0,5.5415966800000005,6.1293209000000015
Transport,O3,32,guided,1000.0,5.66050044,6.251611600000001
Transport,O3,32,static,10.0,8.33457262,9.362548600000002
Transport,O3,32,static,100.0,4.79959718,5.364185
Transport,O3,32,static,1000.0,5.36833258,5.8416991
Transport,O3,64,dynamic,10.0,18.4634596,26.061259
Transport,O3,64,dynamic,100.0,72.7987759,106.63290000000022
Transport,O3,64,dynamic,1000.0,95.6861077,115.43861
Transport,O3,64,guided,10.0,77.0144956,117.49137000000002
Transport,O3,64,guided,100.0,85.6275274,120.77459
Transport,O3,64,guided,1000.0,81.9893501,110.48951000000002
Transport,O3,64,static,10.0,13.82328827,19.117166
Transport,O3,64,static,100.0,18.326176880000002,23.159669
Transport,O3,64,static,1000.0,19.02959249,25.817142999999998
Transport,O3,128,dynamic,10.0,25.094646200000003,26.129221
Transport,O3,128,dynamic,100.0,110.1808758,147.35279000000034
Transport,O3,128,dynamic,1000.0,121.3665986,146.9845
Transport,O3,128,guided,10.0,96.12992469999999,139.79099000000005
Transport,O3,128,guided,100.0,93.7449369,134.60560000000007
Transport,O3,128,guided,1000.0,93.9345833,157.99562000000012
Transport,O3,128,static,10.0,18.98671617,24.090303
Transport,O3,128,static,100.0,78.4743444,119.93141000000011
Transport,O3,128,static,1000.0,76.10321619999999,106.63699000000008
Transport,Ofast,1,sequential,,27.044677200000002,27.47109
cant,O0,1,sequential,,12.2783113,12.292283
cant,O1,1,sequential,,4.94812258,4.998047
cant,O2,1,sequential,,4.9209399000000005,4.9747069
cant,O3,1,sequential,,4.94164797,5.0129884
cant,O3,2,dynamic,10.0,4.49446776,4.9739747
cant,O3,2,dynamic,100.0,3.49655029,4.2558597
cant,O3,2,dynamic,1000.0,3.40269041,3.9099852
cant,O3,2,guided,10.0,3.86601808,5.1252200000000006
cant,O3,2,guided,100.0,3.8313818200000003,5.090820300000001
cant,O3,2,guided,1000.0,3.7647266000000004,5.122167700000001
cant,O3,2,static,10.0,4.4355859099999995,5.168334500000004
cant,O3,2,static,100.0,3.73824221,5.096655300000001
cant,O3,2,static,1000.0,3.73003171,5.0506592999999995
cant,O3,4,dynamic,10.0,2.6081298700000004,3.2962154000000004
cant,O3,4,dynamic,100.0,1.97555172,2.5373782000000014
cant,O3,4,dynamic,1000.0,1.9064062000000002,2.3956539
cant,O3,4,guided,10.0,2.0425293,2.7931883
cant,O3,4,guided,100.0,2.00072018,2.5761476000000023
cant,O3,4,guided,1000.0,2.05245116,2.8079831
cant,O3,4,static,10.0,2.15312988,3.7328613
cant,O3,4,static,100.0,1.8455371600000001,3.300390700000001
cant,O3,4,static,1000.0,2.0222461,3.5695803
cant,O3,8,dynamic,10.0,1.51704343,1.9323973000000003
cant,O3,8,dynamic,100.0,1.2501538189999999,1.5421873
cant,O3,8,dynamic,1000.0,1.2077758699999999,1.4674316
cant,O3,8,guided,10.0,1.277639161,1.6414554000000003
cant,O3,8,guided,100.0,1.244423858,1.6130619
cant,O3,8,guided,1000.0,1.242343707,1.5690917000000002
cant,O3,8,static,10.0,1.417419452,2.0191164
cant,O3,8,static,100.0,1.419821791,1.8283199
cant,O3,8,static,1000.0,1.357810034,1.7271485999999998
cant,O3,16,dynamic,10.0,1.004536143,1.1774166000000001
cant,O3,16,dynamic,100.0,0.806784674,1.0066899000000002
cant,O3,16,dynamic,1000.0,0.9231274460000001,1.0181637
cant,O3,16,guided,10.0,0.842373049,0.94555668
cant,O3,16,guided,100.0,0.895559085,0.97343747
cant,O3,16,guided,1000.0,0.910603013,1.0142090000000001
cant,O3,16,static,10.0,0.9843676619999999,1.1402340000000002
cant,O3,16,static,100.0,0.9222998080000001,0.97045898
cant,O3,16,static,1000.0,0.9360693480000001,0.98391112
cant,O3,32,dynamic,10.0,0.754548334,0.96232914
cant,O3,32,dynamic,100.0,0.614975588,0.9405517500000001
cant,O3,32,dynamic,1000.0,0.611240233,0.8252685399999999
cant,O3,32,guided,10.0,0.626926268,0.8934570300000001
cant,O3,32,guided,100.0,0.589494632,0.8235107600000001
cant,O3,32,guided,1000.0,0.64275147,0.8260498300000001
cant,O3,32,static,10.0,0.470778806,0.6116943600000005
cant,O3,32,static,100.0,0.503950197,0.5339355
cant,O3,32,static,1000.0,0.49510986500000004,0.52031247
cant,O3,64,dynamic,10.0,0.6758447339999999,0.8483154100000009
cant,O3,64,dynamic,100.0,0.549645996,0.81379396
cant,O3,64,dynamic,1000.0,0.580271004,0.83586422
cant,O3,64,guided,10.0,0.612055664,0.76816406
cant,O3,64,guided,100.0,0.506501463,0.6717040700000001
cant,O3,64,guided,1000.0,0.588762205,0.79982911
cant,O3,64,static,10.0,0.358139603,0.381323220000001
cant,O3,64,static,100.0,0.295236822,0.31330568000000003
cant,O3,64,static,1000.0,0.297783195,0.33115235
cant,O3,128,dynamic,10.0,9.635351324,14.084423
cant,O3,128,dynamic,100.0,7.794308983,13.838521
cant,O3,128,dynamic,1000.0,7.799204349,13.645017000000001
cant,O3,128,guided,10.0,9.709613894,13.999997
cant,O3,128,guided,100.0,6.514916893,13.824391
cant,O3,128,guided,1000.0,7.479152873,13.191459
cant,O3,128,static,10.0,5.2479052479999995,13.127072000000002
cant,O3,128,static,100.0,2.730212446,13.151856
cant,O3,128,static,1000.0,3.522802873,13.095925
cant,Ofast,1,sequential,,5.00136477,5.12041
circuit5M,O0,1,sequential,,209.110157,212.01439000000025
circuit5M,O1,1,sequential,,109.69772119999999,117.23689999999999
circuit5M,O2,1,sequential,,82.6142187,82.856961
circuit5M,O3,1,sequential,,81.8756177,83.142774
circuit5M,O3,2,dynamic,10.0,101.99445970000001,103.4821
circuit5M,O3,2,dynamic,100.0,71.8052613,72.851735
circuit5M,O3,2,dynamic,1000.0,61.2074608,62.524244
circuit5M,O3,2,guided,10.0,87.24696540000001,88.91572599999999
circuit5M,O3,2,guided,100.0,87.4254074,89.072215
circuit5M,O3,2,guided,1000.0,87.448081,89.105273
circuit5M,O3,2,static,10.0,106.639939,108.41713
circuit5M,O3,2,static,100.0,79.3629708,80.877613
circuit5M,O3,2,static,1000.0,61.8504565,62.893458
circuit5M,O3,4,dynamic,10.0,77.1203441,78.222363
circuit5M,O3,4,dynamic,100.0,41.2717167,42.524167
circuit5M,O3,4,dynamic,1000.0,34.7934917,36.60161
circuit5M,O3,4,guided,10.0,76.4065721,77.973827
circuit5M,O3,4,guided,100.0,76.2091722,77.88613600000001
circuit5M,O3,4,guided,1000.0,76.2408133,77.90820000000001
circuit5M,O3,4,static,10.0,85.65893260000001,86.97685200000001
circuit5M,O3,4,static,100.0,44.136916,45.892313
circuit5M,O3,4,static,1000.0,38.3483158,40.37544
circuit5M,O3,8,dynamic,10.0,51.8712597,52.324022
circuit5M,O3,8,dynamic,100.0,27.6825589,30.382227
circuit5M,O3,8,dynamic,1000.0,25.4500174,27.834011
circuit5M,O3,8,guided,10.0,76.5893406,78.32046
circuit5M,O3,8,guided,100.0,76.91408940000001,78.444481
circuit5M,O3,8,guided,1000.0,76.8610617,78.502466
circuit5M,O3,8,static,10.0,51.7196464,53.783082
circuit5M,O3,8,static,100.0,35.118876799999995,37.909013
circuit5M,O3,8,static,1000.0,31.2939478,34.02971
circuit5M,O3,16,dynamic,10.0,41.9177833,42.784062
circuit5M,O3,16,dynamic,100.0,23.939661,25.801195
circuit5M,O3,16,dynamic,1000.0,27.8081222,29.638550000000002
circuit5M,O3,16,guided,10.0,51.4315017,52.409962
circuit5M,O3,16,guided,100.0,51.3327247,52.242895000000004
circuit5M,O3,16,guided,1000.0,51.449360399999996,52.384934
circuit5M,O3,16,static,10.0,36.862722,39.753689
circuit5M,O3,16,static,100.0,32.54969,35.102318
circuit5M,O3,16,static,1000.0,31.312515199999996,33.360641
circuit5M,O3,32,dynamic,10.0,48.354179699999996,49.480737
circuit5M,O3,32,dynamic,100.0,17.4407837,18.326412
circuit5M,O3,32,dynamic,1000.0,24.0981258,25.921390000000002
circuit5M,O3,32,guided,10.0,42.915637100000005,49.521460000000005
circuit5M,O3,32,guided,100.0,43.454374699999995,49.963354
circuit5M,O3,32,guided,1000.0,44.9100783,49.803616999999996
circuit5M,O3,32,static,10.0,26.3535765,27.14267700000002
circuit5M,O3,32,static,100.0,22.036301400000003,25.987158
circuit5M,O3,32,static,1000.0,21.9331597,24.065579000000007
circuit5M,O3,64,dynamic,10.0,194.8618949,597.0189900000009
circuit5M,O3,64,dynamic,100.0,121.0271285,214.1240000000002
circuit5M,O3,64,dynamic,1000.0,183.5155901,280.33331000000004
circuit5M,O3,64,guided,10.0,126.89041569999999,170.01850000000002
circuit5M,O3,64,guided,100.0,127.44378060000001,174.03608
circuit5M,O3,64,guided,1000.0,130.3092264,172.29971
circuit5M,O3,64,static,10.0,39.2574873,45.63418100000002
circuit5M,O3,64,static,100.0,55.2315085,76.78984100000001
circuit5M,O3,64,static,1000.0,40.1152443,56.79479600000001
circuit5M,O3,128,dynamic,10.0,286.8682115,456.1342000000068
circuit5M,O3,128,dynamic,100.0,230.26713790000002,486.14670000000274
circuit5M,O3,128,dynamic,1000.0,227.7471343,329.47883000000036
circuit5M,O3,128,guided,10.0,148.85056360000002,203.27631000000002
circuit5M,O3,128,guided,100.0,147.1299599,193.58439000000007
circuit5M,O3,128,guided,1000.0,148.6717846,206.15181
circuit5M,O3,128,static,10.0,104.3731739,125.33562000000006
circuit5M,O3,128,static,100.0,146.8144468,194.55683000000002
circuit5M,O3,128,static,1000.0,124.3733777,156.17912000000007
circuit5M,Ofast,1,sequential,,84.4019533,84.60634999999999
ex40,O0,1,sequential,,1.3841626500000002,1.3938234
ex40,O1,1,sequential,,0.5139868169999999,0.5458984
ex40,O2,1,sequential,,0.515786132,0.5380859
ex40,O3,1,sequential,,0.49599365300000003,0.5100098
ex40,O3,2,dynamic,10.0,0.305007324,0.31311037
ex40,O3,2,dynamic,100.0,0.268803715,0.27597656
ex40,O3,2,dynamic,1000.0,0.284792472,0.29689941000000003
ex40,O3,2,guided,10.0,0.269067373,0.28395992000000003
ex40,O3,2,guided,100.0,0.27381591499999997,0.2880859
ex40,O3,2,guided,1000.0,0.262104498,0.269043
ex40,O3,2,static,10.0,0.28214354999999997,0.28916016
ex40,O3,2,static,100.0,0.269650863,0.2768555
ex40,O3,2,static,1000.0,0.284680175,0.2958984
ex40,O3,4,dynamic,10.0,0.164423824,0.17121584
ex40,O3,4,dynamic,100.0,0.1367334,0.1450195
ex40,O3,4,dynamic,1000.0,0.151584474,0.1599121
ex40,O3,4,guided,10.0,0.140178224,0.14895021
ex40,O3,4,guided,100.0,0.136318356,0.1428223
ex40,O3,4,guided,1000.0,0.155939946,0.16926274
ex40,O3,4,static,10.0,0.143857406,0.15119625
ex40,O3,4,static,100.0,0.143659657,0.15327151
ex40,O3,4,static,1000.0,0.139331077,0.14609376
ex40,O3,8,dynamic,10.0,0.0864501982,0.091821294
ex40,O3,8,dynamic,100.0,0.0763867179,0.08232421900000003
ex40,O3,8,dynamic,1000.0,0.0749438464,0.08203125
ex40,O3,8,guided,10.0,0.07625732419999999,0.08496094
ex40,O3,8,guided,100.0,0.0752075202,0.078881834
ex40,O3,8,guided,1000.0,0.0755419916,0.084082036
ex40,O3,8,static,10.0,0.07835693399999999,0.08322753700000002
ex40,O3,8,static,100.0,0.0753808585,0.07604980100000001
ex40,O3,8,static,1000.0,0.0769482407,0.07949218500000003
ex40,O3,16,dynamic,10.0,0.0525024404,0.054956054
ex40,O3,16,dynamic,100.0,0.0431201171,0.046899414
ex40,O3,16,dynamic,1000.0,0.0799902349,0.08928222800000002
ex40,O3,16,guided,10.0,0.050080566400000005,0.057324222000000015
ex40,O3,16,guided,100.0,0.0438867193,0.04926758200000002
ex40,O3,16,guided,1000.0,0.08080078049999999,0.089184572
ex40,O3,16,static,10.0,0.050310059000000004,0.05915527200000001
ex40,O3,16,static,100.0,0.0420825177,0.04199219
ex40,O3,16,static,1000.0,0.0796850599,0.07910156
ex40,O3,32,dynamic,10.0,0.0932348642,0.10224611000000002
ex40,O3,32,dynamic,100.0,0.2266528534,0.06713867
ex40,O3,32,dynamic,1000.0,0.28617429380000003,0.22756349000000003
ex40,O3,32,guided,10.0,0.12150146839999999,0.07873535400000015
ex40,O3,32,guided,100.0,0.21737792690000002,0.09135741900000002
ex40,O3,32,guided,1000.0,0.39418695579999996,0.24616703000000026
ex40,O3,32,static,10.0,0.6229981255,0.05395508
ex40,O3,32,static,100.0,0.0371801756,0.0390625
ex40,O3,32,static,1000.0,0.08684570559999999,0.090185546
ex40,O3,64,dynamic,10.0,1.9478125747,9.537891100000042
ex40,O3,64,dynamic,100.0,0.8777172557,0.36730958000000163
ex40,O3,64,dynamic,1000.0,0.5555468403,0.20939940000000012
ex40,O3,64,guided,10.0,1.8807837171,11.284255000000018
ex40,O3,64,guided,100.0,0.5077685385,0.1812744300000001
ex40,O3,64,guided,1000.0,0.6772778241,0.3219482000000006
ex40,O3,64,static,10.0,0.7072631369,0.5763671900000317
ex40,O3,64,static,100.0,0.5190380442,0.06638183700000073
ex40,O3,64,static,1000.0,0.5216528632,0.12600101
ex40,O3,128,dynamic,10.0,5.4367405799999995,13.079708
ex40,O3,128,dynamic,100.0,5.217621901999999,13.058304999999999
ex40,O3,128,dynamic,1000.0,2.5790041639999997,12.994803
ex40,O3,128,guided,10.0,2.999275069,12.953127
ex40,O3,128,guided,100.0,8.00311048,13.10017
ex40,O3,128,guided,1000.0,2.236230384,12.813695000000001
ex40,O3,128,static,10.0,2.665793613,12.796024000000001
ex40,O3,128,static,100.0,2.195136862,12.775907000000002
ex40,O3,128,static,1000.0,1.7620141509999998,7.404760600000018
ex40,Ofast,1,sequential,,0.501306151,0.5109863
memchip,O0,1,sequential,,57.322946,57.703047000000005
memchip,O1,1,sequential,,20.5507833,20.763791
memchip,O2,1,sequential,,20.3712868,20.532083
memchip,O3,1,sequential,,20.4964624,20.686231000000003
memchip,O3,2,dynamic,10.0,53.6497001,57.277249000000005
memchip,O3,2,dynamic,100.0,21.633137,22.659353000000014
memchip,O3,2,dynamic,1000.0,16.4167582,16.94651
memchip,O3,2,guided,10.0,22.8441945,23.747025
memchip,O3,2,guided,100.0,22.9305809,23.696602000000002
memchip,O3,2,guided,1000.0,22.9835326,23.871704
memchip,O3,2,static,10.0,28.2013135,28.485915000000013
memchip,O3,2,static,100.0,24.9119656,25.479324000000002
memchip,O3,2,static,1000.0,20.907917899999998,21.339181
memchip,O3,4,dynamic,10.0,53.531946,55.84462700000001
memchip,O3,4,dynamic,100.0,14.9315308,15.905955000000011
memchip,O3,4,dynamic,1000.0,9.71535388,10.172733000000003
memchip,O3,4,guided,10.0,10.39593494,11.34319
memchip,O3,4,guided,100.0,10.398632319999999,11.298876
memchip,O3,4,guided,1000.0,10.334682789999999,11.206147999999999
memchip,O3,4,static,10.0,27.9864208,28.638766999999998
memchip,O3,4,static,100.0,16.435620200000002,17.027832
memchip,O3,4,static,1000.0,11.0181493,11.482058
memchip,O3,8,dynamic,10.0,38.4980662,40.301759000000004
memchip,O3,8,dynamic,100.0,7.96866694,8.732494700000005
memchip,O3,8,dynamic,1000.0,5.36968261,5.8612302000000005
memchip,O3,8,guided,10.0,5.62253421,6.4094483
memchip,O3,8,guided,100.0,5.63262699,6.3575443
memchip,O3,8,guided,1000.0,5.60823484,6.115551600000001
memchip,O3,8,static,10.0,18.1040308,18.595723
memchip,O3,8,static,100.0,8.71567384,9.272851600000001
memchip,O3,8,static,1000.0,5.5567553,6.289575200000004
memchip,O3,16,dynamic,10.0,26.5823051,27.324953
memchip,O3,16,dynamic,100.0,5.23098389,5.936718700000002
memchip,O3,16,dynamic,1000.0,4.34077146,4.8725345
memchip,O3,16,guided,10.0,4.53545411,5.0444577
memchip,O3,16,guided,100.0,4.496833479999999,5.0215573000000004
memchip,O3,16,guided,1000.0,4.45383786,4.8499996
memchip,O3,16,static,10.0,12.7252004,13.042697000000002
memchip,O3,16,static,100.0,5.83034668,6.497118700000001
memchip,O3,16,static,1000.0,3.56195556,4.431713500000001
memchip,O3,32,dynamic,10.0,20.714116399999998,21.145432
memchip,O3,32,dynamic,100.0,4.63560792,5.255713300000003
memchip,O3,32,dynamic,1000.0,4.001066890000001,4.5890136
memchip,O3,32,guided,10.0,3.9919946499999996,4.5339604
memchip,O3,32,guided,100.0,3.9152758999999997,4.4993409
memchip,O3,32,guided,1000.0,3.91233884,4.414794800000002
memchip,O3,32,static,10.0,7.4288452199999995,7.9200195
memchip,O3,32,static,100.0,5.36821287,6.1573975999999995
memchip,O3,32,static,1000.0,3.28865721,4.203418
memchip,O3,64,dynamic,10.0,18.9207788,19.324874
memchip,O3,64,dynamic,100.0,4.3280199800000005,4.765551400000007
memchip,O3,64,dynamic,1000.0,3.76332028,4.257666200000005
memchip,O3,64,guided,10.0,3.8045825300000002,4.644848500000002
memchip,O3,64,guided,100.0,3.75912847,4.456665400000002
memchip,O3,64,guided,1000.0,3.82637698,4.831225200000001
memchip,O3,64,static,10.0,5.784162589999999,6.595800700000001
memchip,O3,64,static,100.0,4.78047847,5.675170500000003
memchip,O3,64,static,1000.0,2.95719967,3.769849000000003
memchip,O3,128,dynamic,10.0,32.029404,39.031107
memchip,O3,128,dynamic,100.0,15.380856759999999,17.188453
memchip,O3,128,dynamic,1000.0,15.92259037,17.986007
memchip,O3,128,guided,10.0,15.57137954,17.436256
memchip,O3,128,guided,100.0,15.58808605,17.21719
memchip,O3,128,guided,1000.0,15.19684324,16.666917
memchip,O3,128,static,10.0,13.30863758,18.994653
memchip,O3,128,static,100.0,12.39784426,18.046458
memchip,O3,128,static,1000.0,9.439094260000001,15.832716000000001
memchip,Ofast,1,sequential,,20.9649708,21.338967
